"CD","Classification"
"CD101P","PHOTOS - KALD 2019-11-27 - 476 Photos"
"CD102P","MIXED DOCUMENT ARCHIVE - KALD 2015-2016 - PDF/DOCX/XLSX/JPG + BIN_CUE"
"CD103P","PHOTOS - 2019-11-27 - 476 Photos"
"CD104AUDIO","AUDIO - BIN Audio CD"
"CD105V","VIDEO - DVD VIDEO_TS - 2008-07-12"
"CD106V","EMPTY FOLDER"
"CD107V","PHOTOS - KALD 2019-11-30 - 476 Photos"
"CD108PDF","PDF PRESENTATION ARCHIVE - KALD A Look to the Future - Arabic & English - 2015-04-01"
"CD109P","PHOTOS/DOCUMENT ISO - AUK 2015-02-07 - needs quick verification"
"CD110P","EMPTY FOLDER"
"CD111V","VIDEO ISO - needs quick verification"
"CD112V","VIDEO/PROGRAM ISO - RoboMemo - needs quick verification"
"CD113V","VIDEO - DVD ISO - PP_DVD2_NTSC"
"CD114V","EMPTY FOLDER"
"CD115V","EMPTY FOLDER"
"CD116V","EMPTY FOLDER"
"CD117V","EMPTY FOLDER"
"CD118V","VIDEO - DVD ISO - VIDEO.iso"
"CD119V","VIDEO - DVD ISO - DVD.iso"
"CD120V","EMPTY FOLDER"
"CD121V","EMPTY FOLDER"
"CD122V","VIDEO - DVD ISO - KALD2019.iso"
"CD123V","VIDEO - DVD ISO - VIDEO.iso"
"CD124V","VIDEO - DVD ISO - VIDEO.iso"
"CD125V","VIDEO - DVD ISO - VIDEO.iso"
"CD129","PHOTOS - Fifth International Conference - 2017-04-28 to 2017-04-29"
"CD130P","PHOTOS - Abdulaziz Hussein Cultural Center - 2016-11-01"
"CD131V","VIDEO - BIN_CUE - DVD Video Recorder"
"CD132 PROGRAMS","SOFTWARE ARCHIVE - APC.iso"
"CD133V","VIDEO - BIN_CUE - LG_COMBI_RECORDER"
"CD134V","EMPTY FOLDER"
"CD135P","PHOTOS - 2016-04-13 - 191+ Photos"
"CD136V","VIDEO - DVD ISO - My Disc.iso"
"CD137","VIDEO - BIN_CUE - LG_COMBI_RECORDER"
"CD138","ISO ARCHIVE - My Files.iso - needs verification"
"CD139","VIDEO - DVD ISO - 2014-07-03"
"CD140","EMPTY FOLDER"
"CD36P","BAD - Corrupted or unreadable ISO"
"CD37P","BIN_CUE - ????? 15 2010 - needs separate extraction"
"CD46P","PHOTOS - 2011-07-25"
"CD54P","BIN_CUE + DOCUMENTS"
"CD55P","PHOTOS - Feb 21 2010"
"CD70P","PHOTOS - 2016-11-01"
"CD76P","PHOTOS - KALD 2021-01-12"
"CD79P","PHOTOS - 2013-02-01"
"CD80P","BIN_CUE_PHOTOS - 2013-02-13"
"CD81P","PHOTOS - KALD 2021-01-12 - 117 Photos"
"CD84P","PHOTOS - KALD 2021-10-09 - 53 Photos"
"CD85P","PHOTOS - KALD 2017-03-11"
"CD86P","PHOTOS - 2017-03-11"
"CD87P","PHOTOS - 2016-12-03"
"CD89P","BIN_CUE - 2017-03-08"
"CD90P","PHOTOS - 2016-09-21 - 152 Photos"
"CD91P","PHOTOS - 2017-04-29 - 185 Photos"
"CD92P","VIDEO - DVD VIDEO_TS - 2014-11-03"
"CD94P","PHOTOS - 2017-01-22 - 179 Photos"
"CD95P","PHOTOS - 2017-04-27 - 31 Photos"
"CD96P","EMPTY FOLDER"
